date,username,followers,tweet,Sentiment_asent,Sentiment_textblob,average_sentiment,weighted_sentiment
2021-09-25,YLQI,7857.0,Is history repeating itself...?#DONTNORMALIZEHATE https://t.co/ngG11quhmK,0.0,0.0,0.0,0.19197832282294336
2021-09-26,HTOQ,4586.0,@barackobama Thank you for your incredible grace in leadership and for being an exceptional‚Ä¶ https://t.co/ZuQLZpt6df,0.6801113613464007,0.9,0.7900556806732004,0.11205454861474076
2021-09-27,WFWO,1621.0,Life goals. https://t.co/XIn1qKMKQl,0.0,0.0,0.0,0.039607593393915126
2021-09-28,PLVO,7050.0,Me right now üôèüèª https://t.co/gW55C1wrwd,0.0,0.2857142857142857,0.14285714285714285,0.17226004529741
2021-09-29,QVCD,1141.0,SISTERS ARE DOIN' IT FOR THEMSELVES! üôåüèªüí™üèª‚ù§Ô∏è https://t.co/0shuUYUBEv,0.3533777639181901,0.0,0.17668888195909505,0.027879249884304232
2021-09-30,RANB,1044.0,happy 96th gma #fourmoreyears! üéà @ LACMA Los Angeles County Museum of Art https://t.co/M9n7X8xdmA,0.3056751414242314,1.0,0.6528375707121157,0.025509147133403697
2021-10-01,HMTN,7741.0,"Kyoto, Japan 
1. 5. 17. https://t.co/o28M0vw9lR",0.0,0.0,0.0,0.18914397314145406
2021-10-02,XKDO,987.0,üáØüáµ @ Sanrio Puroland https://t.co/eXVev5UMBx,0.0,0.0,0.0,0.024116406341637402
2021-10-03,IPGH,4950.0,2017 resolution: to embody authenticity!,0.0,0.0,0.0,0.12094854244286236
2021-10-04,UEUG,2764.0,sisters. https://t.co/5ZE21x2aNk,0.0,0.0,0.0,0.06753571137617607
2021-10-05,JILS,7459.0,Happy Holidays! Sending love and light to every corner of the earth üéÅ,0.7972638348761452,0.6333333333333333,0.7152985841047392,0.18225357132955763
2021-10-06,OMGJ,2521.0,"Damn, it's hard to wrap presents when you're drunk. cc @santa",-0.33523919982740297,-0.39583333333333337,-0.3655362665803682,0.06159823747443556
2021-10-07,JNRG,8089.0,When my whole fam tryna have a peaceful holiday üíÅüèªhehehe https://t.co/fEyq3hzdlz,0.8695879270521063,0.225,0.5472939635260532,0.19764702218592195
2021-10-08,KJKV,6630.0,When your holiday shopping is woke af ‚ùóÔ∏èblklivesmatter https://t.co/srZZj7vHyc https://t.co/KWVYi8yi8L,0.401923825269382,0.0,0.200961912634691,0.1619977447265005
2021-10-09,JMLZ,5358.0,@shannonwoodward Have you been hacked,-0.401923825269382,0.0,-0.200961912634691,0.13091763442603163
2021-10-10,ZIKK,952.0,This week Santa and I got to spread some cheer and have a carol sing-a-long with some beautiful‚Ä¶ https://t.co/vL1BIj4sCZ,0.8019956080183265,0.0,0.40099780400916324,0.023261214627394944
2021-10-11,VOWD,97.0,Love the music therapy program at CHLA! https://t.co/XPTZrF3XXA,0.3348167540417664,0.625,0.4799083770208832,0.002370102750900535
2021-10-12,FUXH,7440.0,For real tho https://t.co/jxMV9Q6WCs,0.0,0.2,0.1,0.18178932439896886
2021-10-13,FHFZ,1344.0,I can't wait to recreate this on a tour we do together in the next 10 years pls thnx https://t.co/PQz0nCUNV6,0.0772283284276542,0.0,0.0386141642138271,0.0328393618269105
2021-10-14,GYZI,5198.0,I wanna adopt him ILHSM https://t.co/5Sr9wHnIEY,0.1778575604636294,0.0,0.0889287802318147,0.12700818658949464
2021-10-15,XYSH,2018.0,@jessesaintjohn imma make a best of 16' Spotify playlist and half of these are on there. I love our taste.,0.6369499429264264,0.4444444444444445,0.5406971936854355,0.04930791083832248
2021-10-16,LYXE,4928.0,@jessesaintjohn @kanyewest FADE DOE,0.0,0.0,0.0,0.12041099336533853
2021-10-17,EEKL,8301.0,"Omg deep cut, agreed https://t.co/0yGlkuo3bJ",0.0,0.0,0.0,0.20282704056933343
2021-10-18,JDSA,8185.0,Same https://t.co/98vBUp7BzI,0.0,0.0,0.0,0.19999269088784413
2021-10-19,WIJB,7876.0,Fully https://t.co/Iii4a58tPN,0.0,0.0,0.0,0.1924425697535321
2021-10-20,GNHJ,9211.0,PROOF THAT YOUR VOICE ACTUALLY MATTERS! üôèüèºüôåüèºüí™üèºüò≠ https://t.co/tAwL0a9y9E,-0.196657735333955,0.0,-0.0983288676669775,0.2250620251396374
2021-10-21,NUIB,3343.0,This holiday season be the girl that takes jump photos at the mall ‚òëÔ∏è wears activewear at night‚Ä¶ https://t.co/0eGYnKF5fk,0.401923825269382,0.0,0.200961912634691,0.08168302573464421
2021-10-22,HPBK,1895.0,"Slowly, I am coming down from the beautiful cloud that was Tuesday night's unicef Snowflake‚Ä¶ https://t.co/Bia5wug56I",0.5993731596731062,0.13148148148148145,0.3654273205772938,0.04630252281398468
2021-10-23,TJIE,4640.0,I dare you to find a better live vocal performance than this timeless masterpiece: https://t.co/J1gW29kC7J #jenniferholliday,0.7905694150420948,0.3181818181818182,0.5543756166119564,0.11337398725957198
2021-10-24,SQVH,1110.0,This #Thanksgiving #IStandWithStandingRock text WATER to 82623 to help now! Sign the petition here: https://t.co/GFhQKfsB0i,0.22869034794883475,0.0,0.11434517397441737,0.027121794365975196
2021-10-25,DARX,9287.0,"On #Thanksgiving, a day with complex origins, I want to speak up in support of the Standing Rock‚Ä¶ https://t.co/CKyB7H3LCD",0.4588314677411235,-0.3,0.07941573387056175,0.22691901286199245
2021-10-26,DMSR,6425.0,"Heading into my family ü¶É-Day, I'm mindful about building a bridge thru peaceful convo. Try this guide from @nytimes: https://t.co/mzBbNw1ZHD",0.24695729028681548,0.25,0.24847864514340773,0.15698876468593748
2021-10-27,RHDK,4833.0,great tweet üèÜ https://t.co/Z6QeywsBpt,0.6248933269389457,0.8,0.7124466634694728,0.1180897587123947
2021-10-28,RSRI,4251.0,". @realDonaldTrump how bout you start with an apology for your divisive, racist, xenophobic rhetoric?
#thanksgivingdayclapback",-0.19529392181538738,0.0,-0.09764696090769369,0.10386914220699149
2021-10-29,ZWFD,6855.0,Caught a big one this week üé£ ...,0.0,0.0,0.0,0.1674954057466306
2021-10-30,UVPK,5386.0,Let it be known!  https://t.co/AXmAjmNMgc,0.0,0.0,0.0,0.1316017877974256
2021-10-31,NOFC,535.0,Back to work because: ALL OF THE ABOVE üí™üèº https://t.co/dUvh7jN8Oi,0.0,0.0,0.0,0.013072216203420478
2021-11-01,NCQU,3073.0,Operate in the light.,0.0,0.4,0.2,0.07508583251048809
2021-11-02,DJQF,8765.0,Confused? Overwhelmed? Here's the brief you need to get the gist: https://t.co/4dwGgeRwMT,-0.08887997815276744,-0.2,-0.14443998907638372,0.2141644392952906
2021-11-03,IFQI,1433.0,At midnight we MANIFEST ‚ú®üåö‚ú®,0.6715986397259978,0.0,0.3357993198629989,0.035013992185984194
2021-11-04,YJWJ,5794.0,YES LA KEEP LEADING THE WAY ‚ù§Ô∏è https://t.co/4LcjvCDJ4U,0.8519752968693322,0.0,0.4259876484346661,0.14157087978059485
2021-11-05,XNAB,7590.0,"It's time to turn words into action‚ùóÔ∏èThere are so many steps to take, but my first vow is to‚Ä¶ https://t.co/1DwETGXbed",0.0,0.375,0.1875,0.18545443174572226
2021-11-06,KFHO,6226.0,"Thank you to the men and women protecting Freedom, Liberty, and Equality for all. üôèüèºüá∫üá∏ https://t.co/0LcB7VYDrx",0.4389411311534317,0.0,0.21947056557671585,0.15212638893924466
2021-11-07,AQWZ,7631.0,"From Pastor John Pavlovitz ""This is not about losing an election"" https://t.co/vVxyZvkyYI",0.29235141826433225,0.0,0.14617570913216613,0.18645622775383486
2021-11-08,FYNB,6968.0,Lets also work on the hearts and minds of this country and that is how real change will begin.,0.0,0.2,0.1,0.17025645328118483
2021-11-09,PBBC,5484.0,"Remember to take care of your mental health. Talk with counselors/therapists/ur tribe. Lean on your friends, don't stop communicating.",0.2400875117487222,-0.1,0.0700437558743611,0.13399632459730448
2021-11-10,JNLE,1897.0,We need more courageous men like this to speak up and say that there is GREAT examples of men out there: https://t.co/daRuHfysSm,0.9059963975102387,0.65,0.7779981987551194,0.0463513909119414
2021-11-11,HWPW,8190.0,üôèüèºüá∫üá∏PEACEFULLY PROTESTüá∫üá∏üôèüèº,0.33995005182504245,0.0,0.16997502591252123,0.20011486113273588
2021-11-12,MUVQ,8693.0,Fight for what is RIGHT.,-0.38181916792267817,0.2857142857142857,-0.048052441104196236,0.21240518776884898
2021-11-13,FAAP,814.0,Do not sit still. Do not weep. MOVE. We are not a nation that will let HATE lead us.,-0.05121307244399767,-0.8,-0.42560653622199884,0.01988931586838181
2021-11-14,UKJM,7317.0,WE WILL NEVER BE SILENCED. #LOVETRUMPSHATE,0.0,0.0,0.0,0.17878393637463108
2021-11-15,UQYQ,9931.0,POWER TO THE PEOPLE,0.0,0.0,0.0,0.24265454040405376
2021-11-16,KMLY,4278.0,RISE UP,0.0,0.0,0.0,0.10452886152940712
2021-11-17,NRRB,5945.0,THE REVOLUTION IS COMING.,0.0,0.0,0.0,0.14526042117632662
2021-11-18,OYNL,3160.0,WE WILL NEVER BE SILENCED.  https://t.co/Co4CYBXg8j,0.0,0.0,0.0,0.07721159477160507
2021-11-19,RVVT,5504.0,Gonna cry my false eye lashes off tonight. ‚ù§Ô∏èüôèüèºüá∫üá∏,0.1150489611309029,-0.4000000000000001,-0.1424755194345486,0.1344850055768716
2021-11-20,KEOB,3004.0,Throw back to Oct 25th when I gave myself the best bday prezzy ever by voting for my girl‚Ä¶ https://t.co/i68TG6Ixi1,0.6369499429264264,0.5,0.5684749714632131,0.07339988313098152
2021-11-21,SXKH,8330.0,HOPE YOU ARE ROARING YOUR WAY TO THE POLLS STILL! üëäüèºü¶ÅüêØ‚ù§Ô∏èüá∫üá∏: https://t.co/tNQit6ZIA6,0.6547120568971495,0.0,0.32735602844857475,0.20353562798970573
2021-11-22,SZTS,3403.0,"‚úîÔ∏èote #Yeson64! Let's rewrite our narrative California‚ùóÔ∏è

https://t.co/myS49evfEf by @dreamhampton",0.0,0.0,0.0,0.08314906867334557
2021-11-23,ZZQJ,7115.0,üîÆ https://t.co/aFzxsIRfhn,0.0,0.0,0.0,0.17384825848100316
2021-11-24,UCHI,9846.0,If hell had a smell it would be used dental floss and earring backs. üò∑,-0.3501746458678807,0.0,-0.17508732293394036,0.24057764624089348
2021-11-25,YUXH,3873.0,My name is üê∂ Nugget üê∂ and I approve this message. GO ‚úîOTE‚ùóFind out where: https://t.co/rL2nZQ97cd https://t.co/qgoUYddQaC,0.0,0.0,0.0,0.09463307169317291
2021-11-26,EOAS,4237.0,"Want niche? Inside jokes? Mega Meta? Think ur the only 1 thinking the demented way ur thinking? Go see ""Oh Hello"" on Broadway &amp; find ur ppl.",0.06544566568553084,0.0,0.03272283284276542,0.1035270655212945
2021-11-27,KYSF,419.0,HILL-ADELPHIA FTW! In less than 3 days be apart of HISTORY and make #HERstory üá∫üá∏ #november8th‚Ä¶ https://t.co/pNV46unbxj,0.3077734806819649,-0.16666666666666666,0.07055340700764913,0.010237866521931177
2021-11-28,LEVF,2362.0,omg idk this is totes my vocab https://t.co/WEYhIPxB4Q,-0.10273309938750283,0.0,-0.051366549693751415,0.057713223686876945
2021-11-29,TFBK,1765.0,Done with my üéÑChristmasüéÑshopping ‚úîÔ∏è https://t.co/wW8n4SirXx,0.0,0.0,0.0,0.0431260964467984
2021-11-30,REET,6816.0,üé£üêüüê†üêã,0.0,0.0,0.0,0.16654247783647472
2021-12-01,YJXI,1349.0,AYE! üì≤ Text ROAR to 47246 to score free üéü to see me &amp; @HillaryClinton this Saturday in PHILLY! (I'll be the one singing üé§) #LoveTrumpsHate‚ù§Ô∏è,0.4209806760650416,0.5,0.4604903380325208,0.03296153207180229
2021-12-02,UVUX,531.0,Welp. The airline lost my luggage so I guess I'll just wear my tracksuit for Halloween üíÅüèª Now THAT'S scary. üéÉ,-0.049311839992611246,-0.5,-0.2746559199963056,0.012974480007507052
2021-12-03,BXNP,1650.0,"üéÉMY FAM &gt; YOUR FAMüéÉ

I have roots from both Santa Barbara and Arkansas (think Appalachian‚Ä¶ https://t.co/lOfgWsoS09",0.27321288529447424,0.0,0.13660644264723712,0.04031618081428745
2021-12-04,RCAY,8148.0,@PrismsPerry like I work on myself so I can be better for me and you ‚ù§Ô∏è,0.8825489938053519,0.5,0.691274496902676,0.19908863107564495
2021-12-05,NOPT,1583.0,@perrysmic not really but sometimes I don't know my own strength üòî,0.83564059987215,0.25,0.542820299936075,0.0386790995327376
2021-12-06,CKBV,3880.0,@focusonreid great get your Pantone book out,0.6248933269389457,0.8,0.7124466634694728,0.0948041100360214
2021-12-07,CNJH,9058.0,"My fav combo of ppl all in one pic, I only roll with world changers‚ùóÔ∏è https://t.co/oH37gAsO7c",0.4588314677411235,0.0,0.22941573387056174,0.22132361564594893
2021-12-08,CNKU,6338.0,Halloween 2k16 üá∫üá∏üíØüôèüèº https://t.co/vCweRxoeun,0.0,0.0,0.0,0.15486300242482054
2021-12-09,TIVR,1944.0,"Thanks @COVERGIRL for keeping everyone clean-cut and QT at Hudson High, Home of the Poodles. üíã,‚Ä¶ https://t.co/Txo3zIPtBl",0.6628143659644838,0.18,0.4214071829822419,0.04749979121392413
2021-12-10,EOGZ,9927.0,"‚ù§Ô∏èBILL &amp; HILL 4EVA‚ù§Ô∏è 
Hair, makeup &amp; prosthetics by: @TonyatAlterian makeup_man‚Ä¶ https://t.co/kI4nL7EcMv",0.8942493898195412,0.0,0.4471246949097706,0.24255680420814033
2021-12-11,IEFL,4485.0,Having a little pre party before I take office #IMWITHME Cheers to‚Ä¶ https://t.co/7SzIzrmwv0,0.6727518674316629,-0.1875,0.24262593371583147,0.1095867096679268
2021-12-12,FAMK,3967.0,HBD BOSS‚ùóÔ∏èüéÇüéÅüá∫üá∏ https://t.co/0M4BKpNt82,0.5522897210270782,0.0,0.2761448605135391,0.09692987229713837
2021-12-13,DPLY,8693.0,just went in the pit @kanyewest for my bday. 32 is lookin ‚¨ÜÔ∏è,0.0,0.0,0.0,0.21240518776884898
2021-12-14,RYXY,6097.0,GAVE MYSELF THE BEST BIRTHDAY PRESENT EVER BY VOTING TODAY‚ùóÔ∏èWish hillaryclinton a Happy Birthday‚Ä¶ https://t.co/F53ik6Tkg9,0.8635672779881196,0.6,0.7317836389940597,0.1489743966210367
2021-12-15,MNNF,6785.0,Help me celebrate my birthday with the purchase of a lifesaving @UNICEF Inspired Gift! https://t.co/R2rSxS1rm7 üéÇ #childrenfirst ‚ù§Ô∏è,0.8109488407226018,0.0,0.4054744203613009,0.16578502231814568
2021-12-16,QSRF,7303.0,@wtfkates yeah but 32 is 23 backwards so üç∑,0.0,0.0,0.0,0.17844185968893408
2021-12-17,GRPC,6565.0,@sella_sandra also this is real and not an edit I can tell by the icing I'm so proud of u,0.525630124927611,0.5,0.5128150624638055,0.16040953154290735
2021-12-18,PTTU,6572.0,@greg_wells go to bed dad,0.0,0.0,0.0,0.16058056988575584
2021-12-19,FICC,8788.0,@KatyCute_  nugget‚ùóÔ∏è,0.0,0.0,0.0,0.21472642242179282
2021-12-20,DGOD,531.0,@caitsperry combo,0.0,0.0,0.0,0.012974480007507052
2021-12-21,AXNM,6162.0,@katyperryforum I'm Kanye,0.0,0.0,0.0,0.15056260980462985
2021-12-22,RZOU,9958.0,Aw. You made me cry. Love you fam. ‚ù§Ô∏è https://t.co/UBITydazRs,0.21676196629705805,0.5,0.358380983148529,0.24331425972646936
2021-12-23,BONQ,7133.0,@cynthialovely you're clever,0.4588314677411235,0.16666666666666666,0.31274906720389506,0.17428807136261357
2021-12-24,BZOX,8659.0,Dope s/o üôåüèº https://t.co/d4sYO5oxQr,0.0,0.0,0.0,0.21157443010358487
2021-12-25,BKDW,5445.0,level 32.,0.0,0.0,0.0,0.1330433966871486
2021-12-26,MKFW,2491.0,When you go dorm to dorm for @HillaryClinton @unlv: https://t.co/QhpekuVTur,0.0,0.0,0.0,0.06086521600508487
2021-12-27,CIMT,534.0,tap it if you're nasty @ UNLV Campus https://t.co/vDHH4kAVLO,-0.5573704017131537,-1.0,-0.7786852008565768,0.013047782154442121
2021-12-28,SBGN,7165.0,@radiantjareau so qt,0.47542834443202786,0.0,0.23771417221601393,0.17506996092992094
2021-12-29,AXXI,3372.0,@KatyCute_ this edit lol,0.4214636152117623,0.8,0.6107318076058812,0.08239161315501654
2021-12-30,WBAI,2690.0,@sella_sandra my birthdays soonüíÖüèº,0.0,0.0,0.0,0.06572759175177773
2021-12-31,XPXT,9018.0,@KpCatt @HillaryClinton next level,0.0,0.0,0.0,0.22034625368681468
2022-01-01,AFXM,8883.0,@perrysoldier Welcs ho,0.0,0.0,0.0,0.2170476570747366
2022-01-02,HMBD,9984.0,@lillysgomez @lucycowell14 not for longüëãüèº,-0.4873031592094448,0.0,-0.2436515796047224,0.24394954499990662
2022-01-03,CATD,455.0,"@perrysoldier make fun of me now, thank me later üíÖüèº",0.7003492917357613,0.15,0.4251746458678807,0.011117492285151994
2022-01-04,ZUNL,3000.0,@DanielaR1205 vitamins,0.0,0.0,0.0,0.07330214693506809
2022-01-05,EMIQ,6527.0,@katycatSWEDEN album artwork,0.0,0.0,0.0,0.1594810376817298
2022-01-06,UZHZ,7092.0,@perryicecream always in October,0.0,0.0,0.0,0.17328627535450097
2022-01-07,PMYP,4584.0,@johnlordperry tears of my doubters,-0.49391458057363097,0.0,-0.24695729028681548,0.11200568051678404
2022-01-08,KTFT,3916.0,@xamyrosex knock knock,0.0,0.0,0.0,0.09568373579924222
2022-01-09,LLQV,7360.0,Using our voices ‚ù§Ô∏èüôåüèº https://t.co/FvX6dfl7lJ,0.7067555278363802,0.0,0.3533777639181901,0.1798346004807004
2022-01-10,LUDA,7722.0,Link up link up link up: https://t.co/5pUZVKW9qZ @tyleroakley,0.0,0.0,0.0,0.1886797262108653
2022-01-11,CIUL,2353.0,clique/tribe/fam https://t.co/7BNHSC5cLx,0.0,0.0,0.0,0.05749331724607174
2022-01-12,VBTZ,5854.0,@wtvrlara omg let me live I'm out preaching the good news bb,0.44043357076016854,0.41818181818181815,0.4293076944709934,0.1430369227192962
2022-01-13,EXPQ,6167.0,Just like a casual FYI üíÅüèª https://t.co/wJti7E2bWH,0.8674818182559024,-0.5000000000000001,0.18374090912795116,0.15068478004952165
2022-01-14,RFSK,5988.0,@katycatwendy I had to get relatable bb  üíÅüèª,0.6021005204584412,0.0,0.3010502602292206,0.14631108528239592
2022-01-15,HMYH,9764.0,Ain't no messing with my nasty woman click ‚ùóÔ∏è https://t.co/zcJFP06EYy,-0.7003492917357613,-1.0,-0.8501746458678807,0.2385740542246683
2022-01-16,UOPW,135.0,RT if ur nasty  https://t.co/fMtOHV5crN,-0.5573704017131537,-1.0,-0.7786852008565768,0.003298596612078064
2022-01-17,ZWVR,1606.0,I'm bringing the glitter...and the knowledge‚ùóüëäüèª https://t.co/t1wnM9v4MN https://t.co/le95tNIEhi,0.0,0.0,0.0,0.039241082659239784
2022-01-18,URSC,1758.0,I love when everything starts to align for transformation time...‚ú®,0.7878980435678288,0.5,0.6439490217839143,0.04295505810394991
2022-01-19,TIJF,2055.0,"Well, guess this means it's time to get out of my tracksuit...üëó https://t.co/Rl9cSQWlLv",0.27321288529447424,0.0,0.13660644264723712,0.050211970650521645
2022-01-20,TRVS,2606.0,@beatsbydre bravo on this timing üôåüèº,0.0,0.0,0.0,0.06367513163759582
2022-01-21,KQRG,3670.0,HAPPY BIRTHDAY PEPPERONI (also this is legit how I speak to nugget) https://t.co/wCCkHWQKPm,0.6633214077557368,0.8,0.7316607038778684,0.08967295975056663
2022-01-22,HLBQ,1484.0,MAKE LYRICS GREAT AGAIN‚ùóÔ∏ècc Max Martin &amp; Shellback,0.7034284108342446,0.8,0.7517142054171223,0.03626012868388035
2022-01-23,RTCC,2812.0,Ok back to the studio for me. 2017 is gonna tight af. üî•,-0.087642231266099,0.10714285714285714,0.009750312938379066,0.06870854572713717
2022-01-24,QCHR,4960.0,Where's the after partyüç∑ @chelseahandler @sallykohn @SarahKSilverman @BetteMidler @shannonwoodward @getglucky,0.401923825269382,0.0,0.200961912634691,0.12119288293264592
2022-01-25,DNZL,1303.0,@shannonwoodward he didn't go down to the people,0.0,-0.15555555555555559,-0.07777777777777779,0.03183756581879791
2022-01-26,CWYA,8907.0,Someone count how many times he is clenching his jaw as she speaks. Crazy. #debates,-0.11331668394168082,-0.04999999999999999,-0.0816583419708404,0.21763407425021716
2022-01-27,FXIU,2954.0,RT if you're already preparing a seat at the table for @HillaryClinton üôåüèº,0.0,0.0,0.0,0.07217818068206372
2022-01-28,QDTD,309.0,@HillaryClinton Scorpio season is coming ‚ú® https://t.co/ME2n0IQnoB,0.4128039520949393,0.0,0.20640197604746965,0.007550121134312014
2022-01-29,YWQW,5126.0,@shannonwoodward im sleep watching,0.0,0.0,0.0,0.125248935063053
2022-01-30,WVZH,7076.0,"@cher don't worry, honestly you can get back in the tub if you like, she's got this. ‚ù§Ô∏è https://t.co/UqUfQ9OYm8",0.5442873478795291,0.3,0.4221436739397646,0.17289533057084727
2022-01-31,NYFF,5476.0,screenshots are forever ‚ù§Ô∏è https://t.co/3NNVHJ1d6b,0.7067555278363802,0.0,0.3533777639181901,0.13380085220547763
2022-02-01,UHWL,2274.0,"I'm over it, been over it  https://t.co/9uFec9dyok",0.0,0.0,0.0,0.055563027376781614
2022-02-02,PKPN,2276.0,Cab or Malbec üç∑?! https://t.co/LEqlhvO6hl,0.0,0.0,0.0,0.055611895474738327
2022-02-03,SYVY,4246.0,CELEBRATE OUR DIVERSITY AND LIFT PEOPLE UPüôèüèº @HillaryClinton,0.6633214077557368,0.0,0.3316607038778684,0.10374697196209971
2022-02-04,YCBS,9580.0,THAT TIMELINE üé§‚§µÔ∏èüî• @HillaryClinton,-0.558884867998491,0.0,-0.2794424339992455,0.23407818921265078
2022-02-05,HZVY,174.0,No! 1. It's not happening and 2. Always stay and peacefully protest.  https://t.co/3bYoUbOh1g,-0.003906165430737596,0.25,0.1230469172846312,0.004251524522233949
2022-02-06,JWCA,8612.0,@rejectedjokes this was worth the double tweet,0.22634795467253557,0.15,0.18817397733626778,0.21042602980160213
2022-02-07,XGVQ,2752.0,covergirl #ad  https://t.co/seJck6KQUf,0.0,0.0,0.0,0.0672425027884358
2022-02-08,VATM,6372.0,He doth protest much... https://t.co/pIbxvqtl0E,-0.25,0.2,-0.024999999999999994,0.15569376009008462
2022-02-09,NIQT,4451.0,My favorite mic drop so far üé§‚§µÔ∏è https://t.co/NBdRJt78Jy,0.22634795467253555,0.3,0.2631739773362678,0.10875595200266269
2022-02-10,QHJC,3050.0,OMG THE PUPPET MEMES #DEBATES IM SCREAMKNG,0.0,0.0,0.0,0.07452384938398589
2022-02-11,LQCP,7428.0,Si se√±orita  https://t.co/JTMA1S4ZpL,0.0,0.0,0.0,0.1814961158112286
2022-02-12,ATTX,3046.0,"She said ""he should meet in real life!"" Lol!  https://t.co/zBO9mHZUSI",0.15841750263025026,0.625,0.3917087513151251,0.07442611318807248
2022-02-13,BNAV,4193.0,Tweet of the night.   https://t.co/uBojPBsb5s,0.0,0.0,0.0,0.10245196736624684
2022-02-14,HSZO,3717.0,YES I LOVE THAT WE ARE GETTING INTO REAL ISSUES EVEN UNCOMFORTABLE ONES‚ùóÔ∏è#debates,0.7212708611789033,0.06666666666666665,0.39396876392278496,0.09082136005254936
2022-02-15,HEDW,9292.0,@SarahKSilverman man? lol. baby!,0.1404878717372541,1.0,0.5702439358686271,0.22704118310688423
2022-02-16,FTFL,2610.0,@jonlovett tru. Baby's back.,0.0,0.0,0.0,0.06377286783350924
2022-02-17,DCAT,9688.0,I love when she lays out the rules like the boss she is #debates,0.7717372111011058,0.5,0.6358686055505529,0.23671706650231325
2022-02-18,ZSHD,2219.0,MY WHITE ANGEL @HillaryClinton,0.0,0.0,0.0,0.05421915468297203
2022-02-19,PXQN,680.0,@rejectedjokes why didn't we plan an after party,0.401923825269382,0.0,0.200961912634691,0.016615153305282102
2022-02-20,FGZG,7778.0,@chelseahandler I'm gonna miss these online hangs,-0.15309310892394865,0.0,-0.07654655446197432,0.1900480329536532
2022-02-21,QAWX,5623.0,YOU GOT THIS @HillaryClinton #DEBATES https://t.co/IZgi0yL9T2,0.0,0.0,0.0,0.13739265740529596
2022-02-22,CCYS,9856.0,Just got out of therapy and had a mindful meditation. I AM READY FOR THE #DEBATES,0.24974260988770364,0.2,0.22487130494385182,0.24082198673067706
2022-02-23,MBBR,9991.0,üé£,0.0,0.0,0.0,0.2441205833427551
2022-02-24,TNDC,3786.0,"S/O to my A&amp;R gal @getglucky for this defining quote ""You can be too arty and lose your audience or you can be too charty and lose your art""",-0.6597279468503828,0.0,-0.3298639734251914,0.09250730943205594
2022-02-25,LPCJ,8383.0,@yungskeeter so niche and I like it,0.3611575592573076,0.0,0.1805787796286538,0.20483063258555861
2022-02-26,BGVX,5206.0,Felt like a fairy godmother last night in @marchesafashion for @childrensla ‚ù§Ô∏è https://t.co/N4pZr76GYl,0.8110180523165719,0.0,0.40550902615828593,0.1272036589813215
2022-02-27,OLPE,9375.0,This was one of my favorite parts of the night. ‚ù§Ô∏è https://t.co/m7k6AvrFNl,0.5827934977887519,0.5,0.541396748894376,0.2290692091720878
2022-02-28,BIIW,6668.0,I hope there are side by side graves for both steel drums and chokers in 2k16,0.1778575604636294,0.0,0.0889287802318147,0.16292623858767802
2022-03-01,XNYF,9353.0,Throwing rose petals at the club. üåπ,0.0,0.6,0.3,0.22853166009456397
2022-03-02,WTJG,72.0,There's a lot of women making HERstory this election cycle! Find them up AND down the ballot Nov‚Ä¶ https://t.co/HVEup5Qoia,0.0,-0.15555555555555559,-0.07777777777777779,0.0017592515264416343
2022-03-03,PZKI,7540.0,Investing in girls helps them build better lives and creates a more peaceful and prosperous world for ALL. RT if yo‚Ä¶ https://t.co/mweKT8UJeK,0.46269914068212215,0.4166666666666667,0.43968290367439444,0.18423272929680445
2022-03-04,NVVF,8129.0,Just wrapped another great @COVERGIRL shoot. Honored to have the pleasure to announce the very‚Ä¶ https://t.co/8vq7UPwKhf,0.6097736930706324,0.8,0.7048868465353162,0.19862438414505618
2022-03-05,MHAB,124.0,There's a few brains I would like to see science dissect after full utilization and @Sia's should be one of them. ILYSM ‚ù§Ô∏è,0.5339565435468439,0.07499999999999998,0.3044782717734219,0.003029822073316148
2022-03-06,LLJW,1694.0,"Finally, last debate is OCT 19. FIGURE OUT A WAY TO COVER MORE ISSUES. #debate",0.0,0.25,0.125,0.041391278969335116
2022-03-07,SMKX,842.0,Twitter world: it's spelled Hillary with 2 L's (but I kinda have no room to talk re typosüôÑ),-0.5112835872917219,0.0,-0.2556417936458609,0.02057346923977578
2022-03-08,ZKFZ,6443.0,YES THIS ‚§µÔ∏è https://t.co/2VTRjE18I9,0.5319448063661416,0.0,0.2659724031830708,0.1574285775675479
2022-03-09,YGXT,185.0,I'm so glad for #earlyvoting #debates,0.5094568311293566,0.5,0.5047284155646783,0.004520299060995866
2022-03-10,RHRE,9426.0,@BetteMidler I'm coming over with a bottle,0.0,0.0,0.0,0.23031534566998396
2022-03-11,QEGO,6547.0,Make #karlbecker #1 TT if you have a ‚ù§Ô∏è,0.7067555278363802,0.0,0.3533777639181901,0.15996971866129692
2022-03-12,JSEZ,448.0,#KarlBecker,0.0,0.0,0.0,0.010946453942303501
2022-03-13,YNVR,1077.0,MY HEART GOES ON,0.0,0.0,0.0,0.026315470749689446
2022-03-14,ODYR,2369.0,#DROPTHEMICHRC,0.0,0.0,0.0,0.057884262029725436
2022-03-15,ZOJD,1761.0,. @RonanFarrow measly numbers üíÖüèº,0.0,-0.5666666666666668,-0.2833333333333334,0.043028360250884974
2022-03-16,QZBI,7121.0,COME ON WE DONT HAVE TIME TO MISS THIS https://t.co/3ERvxQ29hd,-0.3254426246958026,0.0,-0.1627213123479013,0.1739948627748733
2022-03-17,MWCP,8612.0,@RonanFarrow GIF u kno,0.0,0.0,0.0,0.21042602980160213
2022-03-18,DWDA,3306.0,@RonanFarrow this is what the meme was created for üôåüèº,0.25,0.0,0.125,0.08077896592244503
2022-03-19,BXUB,8411.0,I notice these are not built in mics tonight...PLEASE DROP THE MIC TONIGHT HILL! üé§‚§µÔ∏è @HillaryClinton #DROPTHEMICHRC #debates,0.06301054219700805,0.0,0.031505271098504026,0.20551478595695258
2022-03-20,BGNT,2873.0,YAS https://t.co/1HamnIK1i8,0.0,0.0,0.0,0.07019902271481687
2022-03-21,ETPL,1982.0,"*teeth, you get it.",0.0,0.0,0.0,0.048428285075101656
2022-03-22,YJMV,1693.0,WHAT IT MEANS TO SMILE WITH YOUR MOUTH #YOUGOTTHIS https://t.co/QjyReSoivF,0.4994852197754073,0.3,0.3997426098877036,0.04136684492035676
2022-03-23,ZHCV,108.0,RT IF YOU ARE YELLING AT THE TV RIGHT NOW. #debates,0.0,0.2857142857142857,0.14285714285714285,0.002638877289662451
2022-03-24,PIVV,2959.0,KEEP THEM NOTES üìù @HillaryClinton,0.0,0.0,0.0,0.0723003509269555
2022-03-25,JOYF,2926.0,Lol üëèüèº https://t.co/E4la8PI5Kw,0.4214636152117623,0.8,0.6107318076058812,0.07149402731066974
2022-03-26,ADWC,1767.0,#GETTOTHEPOLICIES  https://t.co/1cE23FHqVr,0.0,0.0,0.0,0.043174964544755105
2022-03-27,HAMV,7695.0,I KNOW #GETTOTHEPOLICIES  https://t.co/Z9O29t0Kyh,0.0,0.0,0.0,0.18802000688844966
2022-03-28,QCXT,8143.0,"PUSSY, say it!  https://t.co/2dHfe7QVkY",0.0,0.0,0.0,0.19896646083075314
2022-03-29,AENW,3887.0,BEST joke of the year https://t.co/Z77g8WC9WC,0.7982623453420291,1.0,0.8991311726710145,0.09497514837886989
2022-03-30,YJZO,5061.0,@shannonwoodward beta blockers,0.0,0.0,0.0,0.12366072187945988
2022-03-31,PTQL,7017.0,SLOW AND STEADY WINS THE RACE. üê¢‚ù§Ô∏èüôåüèº #YOUGOTTHISHRC  https://t.co/IXsTRwDw59,0.6850384677960585,0.05555555555555553,0.37029701167580703,0.17145372168112427
2022-04-01,JADX,1745.0,DON'T SHAKE HIS HAND #debates,-0.2755088944202871,0.0,-0.13775444721014354,0.04263741546723127
2022-04-02,BJEO,70.0,"...police reform, gun control, mental health awareness, women's rights &amp; affordable education @HillaryClinton #Debates",-0.33995005182504245,-0.1,-0.21997502591252122,0.0017103834284849222
2022-04-03,SIUG,7604.0,"Difficult subjects I'd like to hear thoughts on tonight are: national security, climate change, excess incarceration (aka modern slavery)...",-0.5267415375673765,-0.15,-0.33837076878368827,0.18579650843141926
2022-04-04,VHRF,2107.0,...lays out her policies about difficult subjects to an audience that is already preparing a seat at the table for her üôèüèº,-0.3611575592573076,-0.5,-0.43057877962865376,0.05148254119739616
2022-04-05,OCJL,5930.0,My wish for tonight's #Debates is that @HillaryClinton ignores the troll's time-wasting distractions and...,-0.4766576055745744,0.0,-0.2383288027872872,0.14489391044165126
2022-04-06,UIMP,6956.0,"I dare you to stay home from the club tonight and get woke, I am: https://t.co/urCKMJvZfK",0.0,0.0,0.0,0.16996324469344454
2022-04-07,MHIY,7667.0,Gone fishin üé£ https://t.co/LQS6Z9fNH0,0.0,0.0,0.0,0.1873358535170557
2022-04-08,RXKV,6322.0,@KatysMyHabibi Nope. I would stay and peacefully protest. üôèüèº,0.11331668394168082,0.25,0.1816583419708404,0.1544720576411668
2022-04-09,JWUD,4597.0,"@sella_sandra it was one of those classic ""celebs should keep their opinion to themselves lols""",0.0,0.16666666666666666,0.08333333333333333,0.11232332315350269
2022-04-10,BHOC,5312.0,"Wait...he is a celeb...so what ur saying is...don't use your voice...BUT run for president! Oh! Got it, thanks ‚ù§Ô∏èüôåüèº https://t.co/IvJXAGKsr5",0.2767532754972291,0.2,0.23837663774861456,0.12979366817302723
2022-04-11,LQED,3840.0,"LüëÄk! I found the new trump campaign clip, watch here: https://t.co/bOeW8CRYIW #happyhalloween? #NSFW",0.20518232045464327,0.13636363636363635,0.1707729784091398,0.09382674807688716
2022-04-12,AAFQ,4931.0,"Finally, some light at the end of the tunnel!  https://t.co/GOH9wfzw5v",0.0,0.25,0.125,0.1204842955122736
2022-04-13,MPGP,9741.0,Gay 4 DOLLY! ‚ù§Ô∏èüíõüíöüíôüíú https://t.co/WFuw4IyXPf,0.49027159030753226,0.5208333333333334,0.5055524618204328,0.2380120710981661
2022-04-14,RMJK,4594.0,@CraigyFerg @RealMattLucas never forget skittles.,0.16947302270321746,0.0,0.08473651135160873,0.11225002100656761
2022-04-15,RPSD,9596.0,"If you have any more excuses about him after watching this, God have mercy on your soul.  https://t.co/Xi8Xba3ijw",0.27868520085657683,0.5,0.3893426004282884,0.23446913399630445
2022-04-16,BMGJ,5197.0,Yes! Everyone is getting into formation‚ùóÔ∏è https://t.co/K46vKw8AOy,0.22869034794883475,0.0,0.11434517397441737,0.1269837525405163
2022-04-17,LURY,7301.0,@BrunoMars I am ready papi,0.3611575592573076,0.2,0.2805787796286538,0.17839299159097738
2022-04-18,FMGP,451.0,A visual explanation to what ppl in Florida and surrounding areas are experiencing... üôÅ send them prayers up!   https://t.co/cWxMoVoJxK,-0.26884009084996124,0.0,-0.13442004542498062,0.011019756089238572
2022-04-19,ZLFQ,6950.0,My new president and my new preacher together at last!!! ‚ù§Ô∏èüôåüèº https://t.co/PI8D5CfLEz,0.3533777639181901,0.0909090909090909,0.2221434274136405,0.1698166403995744
2022-04-20,SXAL,1609.0,‚ùóÔ∏èHOLY SHIT‚ùóÔ∏è this song by @skottpeace is vibes for days: https://t.co/YjxFCpEuAQ,-0.6522905964954855,0.0,-0.32614529824774274,0.03931438480617486
2022-04-21,DJYS,8914.0,"You hear it as ""excellent"" I hear it as ""egg salad with lint"" ü§î",0.5718850320700721,1.0,0.7859425160350361,0.21780511259306568
2022-04-22,MYWY,3311.0,üé£,0.0,0.0,0.0,0.08090113616733681
2022-04-23,QBIE,4010.0,. @ferras &amp; I are cadence kweens üëë cc @jessesaintjohn,0.0,0.0,0.0,0.09798053640320768
2022-04-24,LYBK,2808.0,You know it's a good meeting when you have fomo while just going to the toilet.,0.44043357076016854,0.3333333333333333,0.3868834520467509,0.06861080953122374
2022-04-25,LBEV,9579.0,"WOAH. Was floored by my bestie @shannonwoodward last night in @WestworldHBO I'm foaming at the mouth for more, questioning everything todayüòê",-0.08626147094139,0.25,0.081869264529305,0.23405375516367244
2022-04-26,YDRP,1086.0,@jessesaintjohn @SarahHudsonuvs @ferras üôÑ,0.0,0.0,0.0,0.02653537719049465
2022-04-27,AOIX,8364.0,"In a world driven by fear @DollyParton makes me feel safe, pure and simple. ‚ù§Ô∏è",0.31476359970436296,0.2380952380952381,0.27642941889980055,0.20436638565496984
2022-04-28,OGMY,3063.0,ready for October like https://t.co/thGnDNXJSA,0.6123724356957946,0.2,0.4061862178478973,0.07484149202070453
2022-04-29,OWVT,800.0,DOPE HABIBI üíä https://t.co/ZE0QcqJKwm,0.0,0.0,0.0,0.019547239182684823
2022-04-30,PQOW,6411.0,meaningful lyrical connection + bit of math + makes your head bob = üëçüèº pop song recipe,0.318210996771242,0.5,0.409105498385621,0.1566466880002405
2022-05-01,BOYQ,3777.0,When you think summer is over but it's still about 90 degrees out here and you need to match the‚Ä¶ https://t.co/bbSdnVBuTK,0.0,0.0,0.0,0.09228740299125074
2022-05-02,IHNT,1108.0,"HOW MANY MORE FUNNY THINGS DO WE HAVE TO DO TO GET YA TO THE POLLS NOV 8TH?!
LOL. But seriously: https://t.co/hv3DTAms4Q #VoteHoney",0.39048977067698454,0.35583333333333333,0.37316155200515894,0.027072926268018483
2022-05-03,VRNT,9844.0,A MUST READ FOR OUR FUTURE: orlandobloom's photo https://t.co/Gu92AvMAep,0.0,0.0,0.0,0.24052877814293677
2022-05-04,CKJH,675.0,Is something quite atrocious.   https://t.co/lCaBW3MeAz,0.0,-0.7,-0.35,0.01649298306039032
2022-05-05,RNTN,7901.0,"Today, on #VoterRegistrationDay, I, @funnyordie and @rockthevote invite you to... #IRegistered https://t.co/6kscHoRa0k",0.15309310892394865,0.0,0.07654655446197432,0.193053420977991
2022-05-06,MJFK,301.0,From the beginning üëäüèº https://t.co/JvNAjZZ5jr,0.0,0.0,0.0,0.0073546487424851655
2022-05-07,ZLFR,6221.0,when* https://t.co/yipPmkadwu,0.0,0.0,0.0,0.15200421869435288
2022-05-08,ZBSW,9263.0,Sleeping for a week now üëãüèº #debates,0.6021005204584412,0.0,0.3010502602292206,0.22633259568651193
2022-05-09,MLFK,8129.0,. @HillaryClinton üé§‚§µÔ∏èüé§‚§µÔ∏èüé§‚§µÔ∏è https://t.co/AOJkDuZwtp,0.0,0.0,0.0,0.19862438414505618
2022-05-10,GQPY,3291.0,OMG THE BIBLE ‚ùóÔ∏è https://t.co/eiUdKAkPGO,0.0,0.0,0.0,0.08041245518776971
2022-05-11,VKCG,3978.0,@mrgaryhuang @iamrashidajones this is what this gif was made for BRAVO,0.0,0.0,0.0,0.09719864683590028
2022-05-12,IAQQ,2008.0,Is this a comedic episode of Black Mirror or... https://t.co/4HtLoqn1la,0.401923825269382,-0.16666666666666666,0.11762857930135766,0.049063570348538914
2022-05-13,JNTV,937.0,This is like watching a frog sitting in water that is boiling slowly... #debates,0.3611575592573076,-0.30000000000000004,0.03057877962865377,0.022894703892719602
2022-05-14,YDIH,8302.0,5 minute time out for sure  https://t.co/28HApNqB4i,0.318210996771242,0.5,0.409105498385621,0.20285147461831177
2022-05-15,MCSC,7866.0,May I request one with a pitched down pls  https://t.co/C1JQl010mD,0.0772283284276542,-0.15555555555555559,-0.03916361356395069,0.19219822926374855
2022-05-16,TWKU,6721.0,". @sallykohn sorry, meditation. I can't even spell anymore #debates",-0.0257427761425514,-0.5,-0.2628713880712757,0.16422124318353087
2022-05-17,RJGB,5085.0,. @sallykohn I'm going straight into a mediation after this.,0.11317397733626779,0.2,0.1565869886681339,0.12424713905494042
2022-05-18,ZKII,9918.0,Must be the prep lol  https://t.co/ds5tG6XjVn,0.4214636152117623,0.8,0.6107318076058812,0.2423368977673351
2022-05-19,EDJO,5403.0,"@sofifii there you are, welcome to the party bb",0.6907747429922022,0.8,0.7453873714961011,0.13201716663005764
2022-05-20,CUWO,7148.0,*sets up catheter to not miss a beat* #debates,0.11389432763149185,0.0,0.056947163815745924,0.17465458209728893
2022-05-21,GJDE,3743.0,It's a #Debates drinking game for sure üç∑üç∏üç∫üçæ https://t.co/0hjPbm6Yuu,0.318210996771242,0.04999999999999999,0.18410549838562099,0.09145664532598663
2022-05-22,BTUV,6049.0,üé§‚§µÔ∏è https://t.co/bF9IbggO6u,0.0,0.0,0.0,0.14780156227007563
2022-05-23,AMVK,8235.0,I literally just did a dance around the room in my pj's‚ùóÔ∏èüé§‚§µÔ∏è https://t.co/DCb4tyk9Zz,0.0,0.0,0.0,0.20121439333676192
2022-05-24,QQRG,9702.0,. @getglucky and Santa is real lol,0.21073180760588114,1.0,0.6053659038029405,0.23705914318801022
2022-05-25,LBSC,7808.0,Buy me something off my amazon prime list  https://t.co/EWenA4cq1F,0.1778575604636294,0.0,0.0889287802318147,0.1907810544230039
2022-05-26,TEUB,5654.0,Yes! üôåüèº https://t.co/sG1fVCaT5Z,0.22869034794883475,0.0,0.11434517397441737,0.138150112923625
2022-05-27,ZLSQ,852.0,@RonanFarrow genius,0.0,0.0,0.0,0.02081780972955934
2022-05-28,DHMO,951.0,She's smiling with ease cause #shesgotthis #ImWithHer #debatenight,0.6704783996548059,0.0,0.33523919982740297,0.023236780578416584
2022-05-29,DUMV,341.0,YOU LIVE IN YOUR OWN REALITY üí•üí£ #debatenight,-0.8548912197891382,0.36818181818181817,-0.24335470080366,0.008332010701619407
2022-05-30,DFTF,9179.0,"TOMORROW, I USE MY BODY AS CLICK BAIT TO HELP CHANGE THE WORLD üëäüèº https://t.co/1a2GMm6PMi",0.5319448063661416,0.0,0.2659724031830708,0.22428013557233
2022-05-31,XDVL,9973.0,Ready for #mudslingmonday #YOUGOTTHISHRC https://t.co/0lbXPnUKDD,0.3611575592573076,0.2,0.2805787796286538,0.2436807704611447
2022-06-01,AHPN,1518.0,@KatyCatKenzie I'm Gaten Matarazzo from ST. TBH.,0.0,0.0,0.0,0.03709088634914445
2022-06-02,LLJO,7915.0,@fkatwigor yas kween,0.0,0.0,0.0,0.19339549766368797
2022-06-03,KITV,1970.0,@perryschild thank you for this foto,0.3611575592573076,0.0,0.1805787796286538,0.04813507648736138
2022-06-04,HEWJ,4585.0,@emilynotchez oh look who's back,0.0,0.0,0.0,0.11203011456576241
2022-06-05,WJGW,2686.0,@hotxcolds @maddisonxperry more shame. I guess I'll just stop interacting.,-0.4107941495639025,0.5,0.04460292521804876,0.0656298555558643
2022-06-06,SJXH,509.0,. @akaruikaty cause you can't have fun if you don't feel safe bb üíÅüèª,0.4392332480070877,0.4,0.4196166240035438,0.012436930929983221
2022-06-07,NYGW,7941.0,". @maddisonxperry !WOMEN'S! calm down, I scored an 99. (room to grow üíÖüèº)",0.06364219935424839,0.07222222222222223,0.0679322107882353,0.19403078293712525
2022-06-08,BQZG,6788.0,"@Chillinlaidback oh yeah add better education initiatives &amp; affordable schooling, obvi I would have benefited from that as per my typo's üòë",0.6248933269389456,0.5,0.5624466634694728,0.16585832446508075
2022-06-09,UGUN,9957.0,. @maddisonxperry oh I forgot mental health awareness‚ùóÔ∏èüôáüèª‚Äç‚ôÄÔ∏èüôáüèº‚ù§Ô∏è,0.3533777639181901,-0.1,0.12668888195909506,0.243289825677491
2022-06-10,MJRY,5329.0,". @maddisonxperry national security, gun control, police reform, excess incarceration and woman's rights‚ùóÔ∏èüëäüèºüìö",0.0,0.0,0.0,0.13020904700565927
2022-06-11,RLSE,1463.0,"I agree w/all besides part about the intentions of both candidates. Well spoken KKW, we must feel safe to ask‚ùì's üëèüèº! https://t.co/Td5XEoHgpL",0.3362672951475368,0.625,0.48063364757376836,0.03574701365533487
2022-06-12,VWYM,2483.0,"AYE, ERRYONE! LISTEN TO THIS CHUNE! (gonna sprain a hip at some point this weekendüë£üíÉüèªüë£) https://t.co/IpwrqGTYqZ",0.0,0.0,0.0,0.060669743613258026
2022-06-13,KWVP,6982.0,‚ù§Ô∏èwhen you find your prince‚ù§Ô∏è @ Shanghai Disneyland Park https://t.co/ObMuM96RxV,0.8942493898195412,0.0,0.4471246949097706,0.17059852996688182
2022-06-14,NSJS,3248.0,Zuck &amp; Chan for prez 2024! üôåüèº ‚ù§Ô∏è,0.3533777639181901,0.0,0.17668888195909505,0.07936179108170038
2022-06-15,QDFE,2763.0,@ChrisAnokute @zaralarsson been watching it from fetus üëÄ‚ù§Ô∏è,0.7067555278363802,0.0,0.3533777639181901,0.06751127732719771
2022-06-16,CKJG,9332.0,Dose me bb https://t.co/PQizdxGN7o,0.0,0.0,0.0,0.22801854506601849
2022-06-17,BMVW,887.0,üé£,0.0,0.0,0.0,0.021673001443801798
2022-06-18,UQMU,9359.0,tbh shakespeare üé≠  https://t.co/cbegran1Nh,0.0,0.0,0.0,0.2286782643884341
2022-06-19,TNSL,1173.0,so. ready.  https://t.co/jScELN4PoA,0.1203858530857692,0.2,0.1601929265428846,0.028661139451611625
2022-06-20,YESP,2077.0,my body is a temple üç¨‚õ™Ô∏èüç¨ https://t.co/V5HDQG0kxG,0.0,0.0,0.0,0.05074951972804548
2022-06-21,CFJB,7052.0,@BeyElite it's called calling bs üíÖüèºüíÖüèºüíÖüèº,0.0,0.0,0.0,0.17230891339536672
2022-06-22,ABFL,2458.0,@kuntyewest needs a chiroprac -gma perry,0.0,0.0,0.0,0.06005889238879913
2022-06-23,VCBU,18.0,@KATYPERRYRISES soon I'm on 9%,0.0,0.0,0.0,0.0004398128816104086
2022-06-24,PPNI,1323.0,@godneybjs see you at my show 2K17üòò,0.5331147080032382,0.0,0.2665573540016191,0.03232624679836503
2022-06-25,WBZE,6461.0,@liquoronurlips Choose life. Don't let those words come out your mouth.,0.0,0.0,0.0,0.15786839044915832
2022-06-26,CWLB,6661.0,@isaacfromCT no there's always room,-0.295958174200194,0.0,-0.147979087100097,0.16275520024482953
2022-06-27,MXUN,8952.0,@pizza4katy calm down,0.318210996771242,0.07222222222222223,0.1952166094967321,0.2187336064542432
2022-06-28,GOYD,6709.0,@liquoronurlips will be sending a prayer up for you tonight. You're strong. We have your back. ‚ù§Ô∏è,0.3043406461186662,0.21666666666666665,0.2605036563926664,0.1639280345957906
2022-06-29,XLNX,8281.0,@katystumblrr ageist,0.0,0.0,0.0,0.2023383595897663
2022-06-30,HIIA,4379.0,@HoliestKaty iconic,0.0,0.5,0.25,0.10699670047622106
2022-07-01,HRMD,6570.0,@Amelia_Libman also I hv had one of those lime a ritas and they are cray,0.0,0.0,0.0,0.16053170178779913
2022-07-02,EEZH,5032.0,@Amelia_Libman I've only had 2 can't I just b nice,0.4214636152117623,0.3,0.36073180760588114,0.12295213445908755
2022-07-03,REDQ,6976.0,@katycatSWEDEN thank you for this,0.3611575592573076,0.0,0.1805787796286538,0.17045192567301168
2022-07-04,ZJDV,7144.0,@hollykittykaty @Katysprincess drink pedialyte.,0.0,0.0,0.0,0.1745568459013755
2022-07-05,ZPRH,5025.0,@Katysprincess drink 1 glass of water,0.0,0.0,0.0,0.12278109611623907
2022-07-06,FJNZ,775.0,@katysdonut a finely chopped anything. Love endive tho and I go wild for hearts of palm tbh.,0.3184749714632132,0.33888888888888896,0.3286819301760511,0.01893638795822592
2022-07-07,JTMN,5507.0,@carlythekatycat jk ily,0.7430377554349386,0.0,0.3715188777174693,0.13455830772380667
2022-07-08,NNLA,1682.0,"@carlythekatycat don't come for me, I birthed u",0.0,0.0,0.0,0.04109807038159484
2022-07-09,MHEM,8773.0,"@katycatsophia at least we're on the same time zones, think of Brazil",0.0,-0.15,-0.075,0.21435991168711746
2022-07-10,AVDF,7744.0,"@Leah_Haworth @fridaaperry @katystumblrr I hv 140 characters, whut do u want?",0.0772283284276542,0.0,0.0386141642138271,0.1892172752883891
2022-07-11,MITU,6874.0,@Iegendarylovers @KatysMyHabibi @katystumblrr yeah mines in the mail,0.295958174200194,0.0,0.147979087100097,0.16795965267721935
2022-07-12,WQLG,5675.0,@Katycatveronica because I am saving some mystery. Jk I don't have room on my phone. Waiting for my new iPhone with more storage. üòë,0.05658698866813389,0.3181818181818182,0.18738440342497603,0.13866322795217048
2022-07-13,ODAB,7286.0,"@Jes00sica everything's a lie, watch zeitgeist.",0.0,0.0,0.0,0.17802648085630204
2022-07-14,XFVA,1501.0,@evrenperry stay shook papa,-0.10273309938750283,0.0,-0.051366549693751415,0.036675507516512405
2022-07-15,LSAH,2207.0,@KatysMyHabibi @katystumblrr meaning I need more space on my phone to do stories cause I'm a secret hoarder.,0.0,0.04999999999999999,0.024999999999999994,0.05392594609523176
2022-07-16,EIXJ,8853.0,@fridaaperry @katystumblrr this is true. I meant to add there was condiments on the first 1 and the 2nd one I didn't have time. üòî,0.15397729607588925,0.19999999999999998,0.17698864803794462,0.21631463560538597
2022-07-17,LTAQ,2076.0,"@katyperryslave @katystumblrr cuz I'm hungry, u?",0.0,0.0,0.0,0.050725085679067125
2022-07-18,SVEG,3155.0,@katystumblrr to b clear the 1st time means my 1st hot dog. There were 2.  #moreshame #idcimwriting #helovesmeforme,0.12727305597422606,0.17500000000000002,0.15113652798711302,0.07708942452671329
2022-07-19,QBFL,6267.0,@katystumblrr cuz I tried to do it the 1st time &amp; I didn't have any space so I deleted an app &amp; had to do it again &amp; then my fv song came on,0.0,0.0,0.0,0.15312818494735725
2022-07-20,FHIY,5925.0,I no longer subscribe to organized religion but I believe in @chancetherapper üôèüèº,0.0,0.0,0.0,0.14477174019675948
2022-07-21,HZIB,4890.0,üò©me and you when we fightüò© https://t.co/yeFbCoV3us,-0.8374354690333413,0.0,-0.41871773451667066,0.11948249950416098
2022-07-22,XMJH,5504.0,@perrysmic it was a belly laugh tbh,0.5573704017131537,0.3,0.4286852008565768,0.1344850055768716
2022-07-23,TWMT,9428.0,@Hakimkharbouch bless,0.4214636152117623,0.0,0.21073180760588114,0.23036421376794067
2022-07-24,ZOBK,9814.0,idc about followers but I hope this one gets me to 56 milly on ig cause my ocd is flaring https://t.co/OBKPpqDjhc,0.5926898173507852,0.0,0.2963449086753926,0.23979575667358607
2022-07-25,WREN,8535.0,When you write such a fire lyric that you give yourself hives üî•‚õëüòµ,-0.5906561175665023,0.125,-0.23282805878325114,0.20854460803026872
2022-07-26,VMTV,261.0,@KeoNovak ilysm,0.0,0.0,0.0,0.006377286783350924
2022-07-27,XKMM,4536.0,secret hipster but generally a voice of the gp,0.0,-0.175,-0.0875,0.11083284616582297
2022-07-28,ARKD,5639.0,üé£,0.0,0.0,0.0,0.13778360218894967
2022-07-29,XEJY,4944.0,@GraceVanderWaal Congrats! You have it. Protect it and keep üé∏ing and ‚úèÔ∏èing...it will always serve you ‚ù§Ô∏è,0.46227907148210373,0.0,0.23113953574105187,0.12080193814899222
2022-07-30,OMAG,8599.0,Ayyye...It's all about the long plaaaaay...,0.0,-0.05,-0.025,0.2101083871648835
2022-07-31,KPGG,7136.0,üò© proud mummy üò© https://t.co/kj16ue6aiQ,-0.4997229891301995,0.8,0.15013850543490026,0.17436137350954864
2022-08-01,XJRL,7055.0,my locations tho idk https://t.co/X7XlNUWeEk,-0.10273309938750283,0.0,-0.051366549693751415,0.1723822155423018
2022-08-02,ILGQ,8906.0,@greg_wells watch zeitgeist,0.0,0.0,0.0,0.21760964020123882
2022-08-03,LFZI,9666.0,When ur so creatively busy that you look down and realize you can make a hair do from your pit hair that's grown since igaf. Tight üòé,0.4951332171183097,-0.07804232804232805,0.20854544453799084,0.2361795174247894
2022-08-04,UIBS,3052.0,What if I just made a record full of scatting covers cc @getglucky cc @JackGarratt,0.0,0.35,0.175,0.07457271748194261
2022-08-05,NALD,5117.0,Suggestion for next iPhone update: Person gets notification when they've been screen shotted and sent to group chat (tbh me),0.0,0.0,0.0,0.12502902862224782
2022-08-06,HWMK,2452.0,@kanyewest unplug to connect.,0.0,0.0,0.0,0.05991228809492899
2022-08-07,IFJA,5623.0,@dizzycoco üí™üèº,0.0,0.0,0.0,0.13739265740529596
2022-08-08,CJEK,7989.0,Helped deliver my sister's baby at 2pm &amp; am in the studio by 8pm. GET A GIRL THAT CAN DO BOTH‚ùóÔ∏èüë∂üèªüé§,0.0,0.0,0.0,0.19520361728808633
2022-08-09,AYMI,1980.0,HAPPY TO HEAR YOU ARE HUMAN!üí™üèºStay Strongüí™üèº @HillaryClinton,0.8411931416075353,0.8,0.8205965708037677,0.04837941697714494
2022-08-10,YTMT,1183.0,fkinsnapss's video https://t.co/URPKvQnOna this might be too much but idc,0.0,0.2,0.1,0.028905479941395185
2022-08-11,GTJN,2428.0,It was rigged from the get  https://t.co/hkKIyfd95u,-0.3611575592573076,0.0,-0.1805787796286538,0.05932587091944845
2022-08-12,HTMT,4159.0,@JunkyGS you know me well,0.27321288529447424,0.0,0.13660644264723712,0.10162120970098273
2022-08-13,KSIE,5837.0,"Just went to a child's party and am now dissecting the lyrics to Rosie Posie, Rock A Bye Baby &amp; This Little Piggy üíÄ TBH some f*ed up stuff.",0.401923825269382,-0.1875,0.10721191263469099,0.14262154388666415
2022-08-14,GZTM,8240.0,I love you pre internet.,0.6369499429264264,0.5,0.5684749714632131,0.2013365635816537
2022-08-15,RVNZ,339.0,My new calling: Mini Food Shrimp tempura and fried shrimp „Éü„Éã„ÉÅ„É•„Ç¢ÊñôÁêÜ „Ç®„Éì„Éï„É©„Ç§„Å®„Ç®„ÉìÂ§© ÎØ∏ÎãàÏñ¥Ï≤ò ÏöîÎ¶¨ https://t.co/OX0MZWPmMF,0.0,0.13636363636363635,0.06818181818181818,0.008283142603662695
2022-08-16,TBCI,9579.0,Ayyye anyone at @drake show have an extra baby wipe for my white @AdidasBoosts my leg makeup is dripping,0.0,0.0,0.0,0.23405375516367244
2022-08-17,PATV,8340.0,Cheesecakes here. Ily ‚ù§Ô∏è,0.44127449690267595,0.0,0.22063724845133798,0.2037799684794893
2022-08-18,WYXI,4572.0,@lilithia thanks for the reminder,0.44043357076016854,0.2,0.32021678538008425,0.11171247192904378
2022-08-19,OMFP,8099.0,@cottoncandizzle OG prism truck,0.0,0.0,0.0,0.19789136267570548
2022-08-20,WOHN,6017.0,"@UltimateBeyHive I don't think, I listen. üôèüèº",0.0,0.0,0.0,0.14701967270276825
2022-08-21,IVJG,5364.0,@DailyMendesLife @ShawnMendes talent,0.4214636152117623,0.0,0.21073180760588114,0.13106423871990175
2022-08-22,ZSOG,3717.0,@ParamoreWebNews all,0.0,0.0,0.0,0.09082136005254936
2022-08-23,FQXT,8304.0,@royale_lala @Musicnews_feed what do you want a picture of today's newspaper by my head?,0.0772283284276542,0.0,0.0386141642138271,0.2029003427162685
2022-08-24,ZZHI,5532.0,@HoliestKaty never finished it :-/,0.22348167868148475,-0.25,-0.013259160659257627,0.13516915894826556
2022-08-25,HKIJ,552.0,@KatyPerryExtra no,-0.295958174200194,0.0,-0.147979087100097,0.013487595036052529
2022-08-26,HCZH,1155.0,@greenIight thanks but painful,-0.775026165625604,-0.24999999999999997,-0.512513082812802,0.028221326570001214
2022-08-27,WFQV,2060.0,@Gagas_Illusion I hated those days,-0.6369499429264264,-0.9,-0.7684749714632132,0.05033414089541342
2022-08-28,YBYD,3871.0,@lesbiyonce *listens to I love Kanye once*,0.6369499429264264,0.5,0.5684749714632131,0.0945842035952162
2022-08-29,WGBL,519.0,@likelivingart wait is that like an early 2000's ref? Ily,0.5104427530538452,0.1,0.3052213765269226,0.012681271419766781
2022-08-30,YJVJ,3131.0,@blurryhface SO MUCH,0.0,0.2,0.1,0.07650300735123274
2022-08-31,BPGV,3048.0,@lordofgiraffex yes üôèüèº and yes,0.6597279468503828,0.0,0.3298639734251914,0.07447498128602918
2022-09-01,TLNW,4860.0,"@ifuseekamy_ me too, I'm not perfect bb",-0.4584691179797461,-0.5,-0.47923455898987305,0.11874947803481031
2022-09-02,HEYM,1161.0,@legendarymalek crap I meant *don't. I hate typos.,-0.4768520999963751,-0.8,-0.6384260499981875,0.028367930863871352
2022-09-03,SJDT,2723.0,@hausoframez I have always been this way. Check the timeline.,0.0,0.0,0.0,0.06653391536806347
2022-09-04,QYYC,5005.0,@kuntyewest hunny id unstan myself,0.0,0.0,0.0,0.12229241513667194
2022-09-05,NMIU,6667.0,@chIoekardashian @theIife @handstomyseIf @legendarylovers @cIosetoyou lucky,0.4214636152117623,0.3333333333333333,0.3773984742725478,0.16290180453869965
2022-09-06,KNPP,3052.0,@Gagas_Fandom so what you're saying is it's Opposite Day,0.0,0.0,0.0,0.07457271748194261
2022-09-07,YAUA,7367.0,"@legendarymalek bb I've always been an open book bearer of light done come for me, love you.",0.6369499429264264,0.3,0.46847497146321315,0.1800056388235489
2022-09-08,HJYG,3278.0,@thinagedream be still my heart,0.0,0.0,0.0,0.08009481255105107
2022-09-09,LAJV,9095.0,@ConditionalBabe too much for me but I love,0.9000703207408192,0.35,0.6250351603704096,0.22222767545814812
2022-09-10,JXDO,1750.0,@dannysuschrist @DrJillStein you have no facts or context bb o,-0.295958174200194,0.0,-0.147979087100097,0.04275958571212305
2022-09-11,VWEZ,6553.0,@prismdluxe ur right I've had too much truth tea this morn,0.318210996771242,0.24285714285714285,0.28053406981419243,0.16011632295516706
2022-09-12,YTUP,6745.0,"@HerWonkEye @katycatsophia @camilasviews if she says sorry, sure!",0.3164494179895275,0.0625,0.18947470899476376,0.16480766035901143
2022-09-13,TVZN,9657.0,@GagaLovesBey get a new approach bb,0.0,0.13636363636363635,0.06818181818181818,0.23595961098398419
2022-09-14,BGHP,9245.0,@ShadyKatyFacts girl trust the process,0.5106070566382844,0.0,0.2553035283191422,0.22589278280490152
2022-09-15,BGZM,7038.0,"@LimaLimoncia love this, we can't say hate ok",0.401923825269382,0.06666666666666665,0.2342952459680243,0.17196683670966975
2022-09-16,BVJO,6831.0,@heavymetaIovers sorry I went too far. Love ya,0.2798608072493861,0.033333333333333326,0.15659707029135972,0.16690898857115005
2022-09-17,NZFK,5132.0,"@heavymetaIovers pink drink, look it up basics",0.0,-0.1,-0.05,0.12539553935692316
2022-09-18,JAIO,750.0,@dannysuschrist whut like trump?,0.3611575592573076,0.0,0.1805787796286538,0.018325536733767023
2022-09-19,CWMM,7763.0,@katyscrush hola bb,0.0,0.0,0.0,0.18968152221897788
2022-09-20,QHFE,3946.0,@waIkingonair yes this,0.401923825269382,0.0,0.200961912634691,0.0964167572685929
2022-09-21,JMLA,1194.0,@katycatsophia @camilasviews JK ily,0.7925140239257296,0.0,0.3962570119628648,0.029174254480157102
2022-09-22,QLGC,1430.0,@katycatsophia @camilasviews don't make me come back to SB and sit ya down,0.0,-0.07777777777777779,-0.038888888888888896,0.03494069003904913
2022-09-23,QNRN,29.0,@Eduardo_KatyCat this is art bb,0.0,0.0,0.0,0.0007085874203723248
